date,temperature_2m,rain,snowfall,relative_humidity_2m,cloud_cover,wind_speed_10m,weather_code,sunshine_duration,is_day
2025-09-13 23:00:00+00:00,14.202,0.5,0.0,95.55804,100.0,14.2575445,53.0,0.0,0.0
2025-09-14 00:00:00+00:00,14.102,1.0,0.0,96.4923,100.0,11.709688,55.0,0.0,0.0
2025-09-14 01:00:00+00:00,14.152,0.1,0.0,95.55633,99.0,10.742848,51.0,0.0,0.0
2025-09-14 02:00:00+00:00,13.752,0.7,0.0,96.798065,100.0,12.599998,53.0,0.0,0.0
2025-09-14 03:00:00+00:00,13.752,1.3,0.0,97.11415,100.0,13.748513,61.0,0.0,0.0
2025-09-14 04:00:00+00:00,13.552,1.8,0.0,97.42717,100.0,15.659999,61.0,0.0,0.0
2025-09-14 05:00:00+00:00,13.452,3.1,0.0,98.06337,94.0,16.704155,63.0,0.0,0.0
2025-09-14 06:00:00+00:00,13.252,0.8,0.0,97.10303,100.0,14.423605,53.0,0.0,1.0
2025-09-14 07:00:00+00:00,14.102,0.3,0.0,97.12189,83.0,14.731437,51.0,502.89804,1.0
2025-09-14 08:00:00+00:00,15.002,0.1,0.0,88.99314,58.0,15.175612,51.0,3600.0,1.0
2025-09-14 09:00:00+00:00,16.152,0.1,0.0,81.33531,100.0,16.293728,51.0,3600.0,1.0
2025-09-14 10:00:00+00:00,16.802,0.0,0.0,74.54154,100.0,16.419512,3.0,1785.5863,1.0
2025-09-14 11:00:00+00:00,17.702,0.1,0.0,68.58838,100.0,15.804164,51.0,3600.0,1.0
2025-09-14 12:00:00+00:00,18.402,0.3,0.0,64.3498,100.0,16.520823,51.0,3600.0,1.0
2025-09-14 13:00:00+00:00,18.802,0.1,0.0,69.259094,48.0,13.60519,51.0,3600.0,1.0
2025-09-14 14:00:00+00:00,19.152,0.7,0.0,65.36687,65.0,12.71901,53.0,3600.0,1.0
2025-09-14 15:00:00+00:00,19.402,0.1,0.0,64.99343,48.0,12.033103,51.0,3600.0,1.0
2025-09-14 16:00:00+00:00,19.102,0.0,0.0,66.43613,83.0,8.783189,3.0,3600.0,1.0
2025-09-14 17:00:00+00:00,18.102,0.0,0.0,74.76132,76.0,5.4119864,2.0,2853.2754,1.0
2025-09-14 18:00:00+00:00,17.102,0.0,0.0,79.11061,100.0,4.5,3.0,0.0,0.0
2025-09-14 19:00:00+00:00,17.402,0.0,0.0,78.38562,100.0,8.027678,3.0,0.0,0.0
2025-09-14 20:00:00+00:00,17.552,0.0,0.0,76.64282,100.0,7.989242,3.0,0.0,0.0
2025-09-14 21:00:00+00:00,18.402,0.0,0.0,70.551994,100.0,14.730336,3.0,0.0,0.0
2025-09-14 22:00:00+00:00,18.752,0.0,0.0,72.245964,100.0,19.098671,3.0,0.0,0.0
2025-09-14 23:00:00+00:00,18.902,0.0,0.0,75.13769,29.0,20.495512,1.0,0.0,0.0
2025-09-15 00:00:00+00:00,18.952,0.0,0.0,76.61494,100.0,21.691305,3.0,0.0,0.0
2025-09-15 01:00:00+00:00,19.652,0.0,0.0,78.21265,56.0,22.537409,2.0,0.0,0.0
2025-09-15 02:00:00+00:00,19.402,0.0,0.0,78.67814,83.0,21.82755,3.0,0.0,0.0
2025-09-15 03:00:00+00:00,19.652,0.0,0.0,79.218765,100.0,21.38897,3.0,0.0,0.0
2025-09-15 04:00:00+00:00,19.302,0.0,0.0,82.52527,83.0,22.240019,3.0,0.0,0.0
2025-09-15 05:00:00+00:00,19.302,0.0,0.0,82.26272,100.0,22.406927,3.0,0.0,0.0
2025-09-15 06:00:00+00:00,19.252,0.1,0.0,83.843315,100.0,23.60472,51.0,0.0,1.0
2025-09-15 07:00:00+00:00,18.802,0.5,0.0,87.889404,100.0,25.051704,53.0,22.462234,1.0
2025-09-15 08:00:00+00:00,19.202,0.1,0.0,90.17434,78.0,21.492483,51.0,458.4723,1.0
2025-09-15 09:00:00+00:00,21.102,0.2,0.0,82.4825,59.0,19.941854,51.0,3600.0,1.0
2025-09-15 10:00:00+00:00,20.052,3.0,0.0,83.933586,78.0,22.862833,63.0,3600.0,1.0
2025-09-15 11:00:00+00:00,20.652,0.3,0.0,75.66563,98.0,25.812902,51.0,3600.0,1.0
2025-09-15 12:00:00+00:00,21.152,0.2,0.0,76.47054,97.0,21.57974,51.0,3600.0,1.0
2025-09-15 13:00:00+00:00,21.852,0.1,0.0,70.97222,99.0,20.917982,51.0,3600.0,1.0
2025-09-15 14:00:00+00:00,21.102,0.1,0.0,73.60031,79.0,20.423456,51.0,3600.0,1.0
2025-09-15 15:00:00+00:00,20.902,0.0,0.0,67.02708,33.0,22.32653,1.0,3600.0,1.0
2025-09-15 16:00:00+00:00,20.252,0.0,0.0,71.129845,35.0,20.118975,1.0,3600.0,1.0
2025-09-15 17:00:00+00:00,19.402,0.0,0.0,71.432594,19.0,19.66948,0.0,2180.2676,1.0
2025-09-15 18:00:00+00:00,18.402,0.0,0.0,73.36728,8.0,16.344357,0.0,0.0,0.0
2025-09-15 19:00:00+00:00,17.602,0.0,0.0,73.707184,9.0,17.149193,0.0,0.0,0.0
2025-09-15 20:00:00+00:00,17.152,0.0,0.0,73.62865,2.0,18.595839,0.0,0.0,0.0
2025-09-15 21:00:00+00:00,16.752,0.0,0.0,73.55856,1.0,18.27953,0.0,0.0,0.0
2025-09-15 22:00:00+00:00,16.302,0.0,0.0,75.196465,33.0,17.791796,1.0,0.0,0.0
2025-09-15 23:00:00+00:00,15.902,0.0,0.0,77.905685,92.0,18.775303,3.0,0.0,0.0
2025-09-16 00:00:00+00:00,15.752,0.0,0.0,76.10459,37.0,21.733088,1.0,0.0,0.0
2025-09-16 01:00:00+00:00,15.702,0.0,0.0,69.56585,11.0,20.128637,0.0,0.0,0.0
2025-09-16 02:00:00+00:00,15.202,0.0,0.0,72.072174,53.0,19.75905,2.0,0.0,0.0
2025-09-16 03:00:00+00:00,14.752,0.0,0.0,74.93613,43.0,19.32382,1.0,0.0,0.0
2025-09-16 04:00:00+00:00,14.302,0.0,0.0,75.868164,49.0,19.976757,1.0,0.0,0.0
2025-09-16 05:00:00+00:00,13.902,0.0,0.0,76.0569,34.0,20.04476,1.0,0.0,0.0
2025-09-16 06:00:00+00:00,14.002,0.0,0.0,75.81883,98.0,18.435726,3.0,868.34686,1.0
2025-09-16 07:00:00+00:00,14.652,0.0,0.0,73.92462,60.0,18.359999,2.0,3600.0,1.0
2025-09-16 08:00:00+00:00,15.252,0.0,0.0,69.710175,73.0,26.48203,2.0,3600.0,1.0
2025-09-16 09:00:00+00:00,16.052,0.1,0.0,64.692505,90.0,26.544964,51.0,3600.0,1.0
2025-09-16 10:00:00+00:00,16.802,0.1,0.0,60.039036,45.0,25.136274,51.0,3600.0,1.0
2025-09-16 11:00:00+00:00,17.852,0.0,0.0,53.95187,34.0,24.702005,1.0,3600.0,1.0
2025-09-16 12:00:00+00:00,17.952,0.0,0.0,50.776085,50.0,27.209188,2.0,3600.0,1.0
2025-09-16 13:00:00+00:00,17.552,0.1,0.0,52.24932,59.0,23.598541,51.0,3600.0,1.0
2025-09-16 14:00:00+00:00,17.952,0.1,0.0,49.070797,78.0,23.34455,51.0,3600.0,1.0
2025-09-16 15:00:00+00:00,18.102,0.0,0.0,46.81019,40.0,22.098986,1.0,3600.0,1.0
2025-09-16 16:00:00+00:00,17.802,0.0,0.0,49.876274,20.0,17.782688,1.0,3600.0,1.0
2025-09-16 17:00:00+00:00,16.952,0.0,0.0,54.269466,91.0,15.767219,3.0,3600.0,1.0
2025-09-16 18:00:00+00:00,16.001999,0.0,0.0,58.241745,97.0,15.3686695,3.0,0.0,0.0
2025-09-16 19:00:00+00:00,15.352,0.0,0.0,62.38893,40.0,14.230248,1.0,0.0,0.0
2025-09-16 20:00:00+00:00,14.552,0.0,0.0,67.26176,73.0,12.976239,2.0,0.0,0.0
2025-09-16 21:00:00+00:00,13.752,0.0,0.0,72.28928,100.0,12.204212,3.0,0.0,0.0
2025-09-16 22:00:00+00:00,13.502,0.0,0.0,73.97151,100.0,12.37819,3.0,0.0,0.0
2025-09-16 23:00:00+00:00,13.102,0.0,0.0,75.9257,100.0,11.753876,3.0,0.0,0.0
2025-09-17 00:00:00+00:00,12.652,0.0,0.0,78.193565,100.0,10.948973,3.0,0.0,0.0
2025-09-17 01:00:00+00:00,12.052,0.0,0.0,81.33624,99.0,10.718693,3.0,0.0,0.0
2025-09-17 02:00:00+00:00,11.652,0.0,0.0,83.79192,49.0,11.079873,1.0,0.0,0.0
2025-09-17 03:00:00+00:00,11.402,0.0,0.0,85.47574,44.0,10.948973,1.0,0.0,0.0
2025-09-17 04:00:00+00:00,11.352,0.0,0.0,86.63,24.0,11.200571,1.0,0.0,0.0
2025-09-17 05:00:00+00:00,11.202,0.0,0.0,87.78989,19.0,10.373061,0.0,0.0,0.0
2025-09-17 06:00:00+00:00,11.502,0.0,0.0,87.816925,21.0,10.062305,1.0,514.45374,1.0
2025-09-17 07:00:00+00:00,12.852,0.0,0.0,83.37246,31.0,8.61371,1.0,3600.0,1.0
2025-09-17 08:00:00+00:00,14.602,0.0,0.0,75.16126,98.0,9.734988,3.0,3600.0,1.0
2025-09-17 09:00:00+00:00,15.352,0.0,0.0,71.3815,100.0,10.83893,3.0,1331.3732,1.0
2025-09-17 10:00:00+00:00,15.902,0.0,0.0,69.60524,100.0,11.931705,3.0,0.0,1.0
2025-09-17 11:00:00+00:00,16.102,0.0,0.0,69.413,100.0,11.48761,3.0,0.0,1.0
2025-09-17 12:00:00+00:00,16.452,0.0,0.0,67.88254,100.0,11.638917,3.0,0.0,1.0
2025-09-17 13:00:00+00:00,18.752,0.0,0.0,59.90242,84.0,13.799087,3.0,3600.0,1.0
2025-09-17 14:00:00+00:00,18.802,0.0,0.0,59.319725,69.0,12.85205,2.0,3600.0,1.0
2025-09-17 15:00:00+00:00,19.202,0.0,0.0,57.47404,57.0,11.5887,2.0,3600.0,1.0
2025-09-17 16:00:00+00:00,19.402,0.0,0.0,55.453716,51.0,10.766949,2.0,3600.0,1.0
2025-09-17 17:00:00+00:00,18.402,0.0,0.0,62.668396,5.0,7.458606,0.0,3600.0,1.0
2025-09-17 18:00:00+00:00,16.952,0.0,0.0,67.53493,1.0,9.82279,0.0,0.0,0.0
2025-09-17 19:00:00+00:00,16.652,0.0,0.0,67.69789,0.0,11.269782,0.0,0.0,0.0
2025-09-17 20:00:00+00:00,16.102,0.0,0.0,71.75996,0.0,9.109138,0.0,0.0,0.0
2025-09-17 21:00:00+00:00,15.702,0.0,0.0,73.13015,0.0,9.044888,0.0,0.0,0.0
2025-09-17 22:00:00+00:00,15.502,0.0,0.0,72.60952,0.0,10.195057,0.0,0.0,0.0
2025-09-17 23:00:00+00:00,15.052,0.0,0.0,75.23671,0.0,9.793059,0.0,0.0,0.0
2025-09-18 00:00:00+00:00,14.552,0.0,0.0,78.739975,2.0,9.582358,0.0,0.0,0.0
2025-09-18 01:00:00+00:00,14.352,0.0,0.0,81.367546,7.0,11.4862,0.0,0.0,0.0
2025-09-18 02:00:00+00:00,14.002,0.0,0.0,82.408714,0.0,11.414043,0.0,0.0,0.0
2025-09-18 03:00:00+00:00,13.852,0.0,0.0,81.03175,0.0,10.036512,0.0,0.0,0.0
2025-09-18 04:00:00+00:00,13.452,0.0,0.0,83.44372,0.0,8.865799,0.0,0.0,0.0
2025-09-18 05:00:00+00:00,12.752,0.0,0.0,87.63681,0.0,7.289444,0.0,0.0,0.0
2025-09-18 06:00:00+00:00,12.952,0.0,0.0,87.07463,0.0,6.7469993,0.0,719.116,1.0
2025-09-18 07:00:00+00:00,14.552,0.0,0.0,80.58946,0.0,4.724786,0.0,3600.0,1.0
2025-09-18 08:00:00+00:00,16.802,0.0,0.0,70.7117,0.0,5.257109,0.0,3600.0,1.0
2025-09-18 09:00:00+00:00,19.152,0.0,0.0,60.79741,0.0,6.8919086,0.0,3600.0,1.0
2025-09-18 10:00:00+00:00,21.102,0.0,0.0,53.18059,0.0,9.178235,0.0,3600.0,1.0
2025-09-18 11:00:00+00:00,22.352,0.0,0.0,50.75855,0.0,11.525623,0.0,3600.0,1.0
2025-09-18 12:00:00+00:00,23.302,0.0,0.0,50.01498,0.0,12.456468,0.0,3600.0,1.0
2025-09-18 13:00:00+00:00,24.252,0.0,0.0,47.391613,0.0,12.652604,0.0,3600.0,1.0
2025-09-18 14:00:00+00:00,24.402,0.0,0.0,47.27689,0.0,12.456468,0.0,3600.0,1.0
2025-09-18 15:00:00+00:00,24.202,0.0,0.0,48.161903,0.0,12.313894,0.0,3600.0,1.0
2025-09-18 16:00:00+00:00,23.502,0.0,0.0,52.07319,0.0,11.1090765,0.0,3600.0,1.0
2025-09-18 17:00:00+00:00,21.802,0.0,0.0,61.01507,0.0,9.178235,0.0,3600.0,1.0
2025-09-18 18:00:00+00:00,20.152,0.0,0.0,68.18623,0.0,8.714677,0.0,0.0,0.0
2025-09-18 19:00:00+00:00,19.002,0.0,0.0,74.91188,0.0,5.876938,0.0,0.0,0.0
2025-09-18 20:00:00+00:00,17.502,0.0,0.0,81.24702,0.0,4.4456716,0.0,0.0,0.0
2025-09-18 21:00:00+00:00,17.152,0.0,0.0,79.37562,0.0,5.4119864,0.0,0.0,0.0
2025-09-18 22:00:00+00:00,16.552,0.0,0.0,76.987885,0.0,5.223103,0.0,0.0,0.0
2025-09-18 23:00:00+00:00,15.902,0.0,0.0,76.12885,0.0,4.942631,0.0,0.0,0.0
2025-09-19 00:00:00+00:00,15.352,0.0,0.0,76.79918,0.0,4.913044,0.0,0.0,0.0
2025-09-19 01:00:00+00:00,13.852,0.0,0.0,79.42795,17.0,5.5829024,0.0,0.0,0.0
2025-09-19 02:00:00+00:00,13.302,0.0,0.0,82.32105,6.0,5.1826253,0.0,0.0,0.0
2025-09-19 03:00:00+00:00,12.552,0.0,0.0,85.02678,0.0,4.5891175,0.0,0.0,0.0
2025-09-19 04:00:00+00:00,11.902,0.0,0.0,84.95604,0.0,2.0124612,0.0,0.0,0.0
2025-09-19 05:00:00+00:00,11.502,0.0,0.0,84.912285,0.0,1.5273507,0.0,0.0,0.0
2025-09-19 06:00:00+00:00,12.252,0.0,0.0,83.021416,0.0,2.4149535,0.0,800.478,1.0
2025-09-19 07:00:00+00:00,13.952,0.0,0.0,77.09046,0.0,1.0182338,0.0,3600.0,1.0
2025-09-19 08:00:00+00:00,16.652,0.0,0.0,70.21641,17.0,2.6758924,0.0,3600.0,1.0
2025-09-19 09:00:00+00:00,19.402,0.0,0.0,61.867928,6.0,3.8141315,0.0,3600.0,1.0
2025-09-19 10:00:00+00:00,22.002,0.0,0.0,54.120224,2.0,4.0249224,0.0,3600.0,1.0
2025-09-19 11:00:00+00:00,24.152,0.0,0.0,47.054104,21.0,2.8460495,1.0,3600.0,1.0
2025-09-19 12:00:00+00:00,25.852,0.0,0.0,41.82444,0.0,2.5455842,0.0,3600.0,1.0
2025-09-19 13:00:00+00:00,27.602,0.0,0.0,35.905743,0.0,3.0652893,0.0,3600.0,1.0
2025-09-19 14:00:00+00:00,27.902,0.0,0.0,34.70147,0.0,3.5455887,0.0,3600.0,1.0
2025-09-19 15:00:00+00:00,27.752,0.0,0.0,35.123142,0.0,2.1674871,0.0,3600.0,1.0
2025-09-19 16:00:00+00:00,26.702,0.0,0.0,41.923267,0.0,2.8460495,0.0,3600.0,1.0
2025-09-19 17:00:00+00:00,23.952,0.0,0.0,56.407516,0.0,2.97953,0.0,3589.9302,1.0
2025-09-19 18:00:00+00:00,21.302,0.0,0.0,62.91056,0.0,3.189608,0.0,0.0,0.0
2025-09-19 19:00:00+00:00,19.552,0.0,0.0,71.92405,28.0,1.8089776,1.0,0.0,0.0
2025-09-19 20:00:00+00:00,17.852,0.0,0.0,81.55526,85.0,1.659518,3.0,0.0,0.0
2025-09-19 21:00:00+00:00,16.852,0.0,0.0,87.71802,51.0,2.5772078,2.0,0.0,0.0
2025-09-19 22:00:00+00:00,16.402,0.0,0.0,87.39489,75.0,2.7059932,2.0,0.0,0.0
2025-09-19 23:00:00+00:00,16.602,0.0,0.0,84.35626,95.0,2.1897945,3.0,0.0,0.0
2025-09-20 00:00:00+00:00,16.502,0.0,0.0,82.98618,93.0,2.1068459,3.0,0.0,0.0
2025-09-20 01:00:00+00:00,14.752,0.0,0.0,84.426,89.0,2.36753,3.0,0.0,0.0
2025-09-20 02:00:00+00:00,14.652,0.0,0.0,83.309875,97.0,2.7534704,3.0,0.0,0.0
2025-09-20 03:00:00+00:00,15.452,0.0,0.0,77.32472,98.0,1.0495713,3.0,0.0,0.0
2025-09-20 04:00:00+00:00,15.802,0.0,0.0,75.1129,58.0,0.71999997,2.0,0.0,0.0
2025-09-20 05:00:00+00:00,15.452,0.0,0.0,75.804405,2.0,1.0948973,0.0,0.0,0.0
2025-09-20 06:00:00+00:00,15.852,0.0,0.0,77.13198,0.0,2.7534704,0.0,579.08014,1.0
2025-09-20 07:00:00+00:00,18.002,0.0,0.0,70.24502,1.0,3.9312592,0.0,3600.0,1.0
2025-09-20 08:00:00+00:00,20.202,0.0,0.0,65.37832,4.0,2.8116899,0.0,3600.0,1.0
2025-09-20 09:00:00+00:00,23.152,0.0,0.0,55.846416,0.0,3.563818,0.0,3600.0,1.0
2025-09-20 10:00:00+00:00,26.002,0.0,0.0,47.708595,32.0,4.4565907,1.0,3600.0,1.0
2025-09-20 11:00:00+00:00,28.252,0.0,0.0,41.942642,28.0,7.9077177,1.0,3600.0,1.0
2025-09-20 12:00:00+00:00,29.652,0.0,0.0,37.078,6.0,13.920647,0.0,3600.0,1.0
2025-09-20 13:00:00+00:00,31.002,0.0,0.0,30.195692,79.0,20.256998,2.0,3600.0,1.0
2025-09-20 14:00:00+00:00,30.702,0.0,0.0,32.808395,94.0,20.556284,3.0,3600.0,1.0
2025-09-20 15:00:00+00:00,30.052,0.0,0.0,37.797054,12.0,18.837324,0.0,3600.0,1.0
2025-09-20 16:00:00+00:00,28.952,0.0,0.0,42.135567,38.0,15.1884165,1.0,3600.0,1.0
2025-09-20 17:00:00+00:00,26.502,0.0,0.0,47.688465,5.0,8.322932,0.0,3461.2773,1.0
2025-09-20 18:00:00+00:00,24.102,0.0,0.0,57.729004,7.0,6.8423676,0.0,0.0,0.0
2025-09-20 19:00:00+00:00,22.852,0.0,0.0,65.72893,28.0,5.12289,1.0,0.0,0.0
2025-09-20 20:00:00+00:00,21.852,0.0,0.0,69.628044,31.0,6.7469993,1.0,0.0,0.0
2025-09-20 21:00:00+00:00,20.902,0.0,0.0,68.77768,53.0,6.0721655,2.0,0.0,0.0
2025-09-20 22:00:00+00:00,21.152,0.0,0.0,61.662563,63.0,8.805294,2.0,0.0,0.0
2025-09-20 23:00:00+00:00,21.052,0.0,0.0,63.469902,97.0,11.885453,3.0,0.0,0.0
2025-09-21 00:00:00+00:00,21.052,0.0,0.0,64.716484,98.0,10.210936,3.0,0.0,0.0
2025-09-21 01:00:00+00:00,19.252,0.0,0.0,72.10249,68.0,6.248359,2.0,0.0,0.0
2025-09-21 02:00:00+00:00,18.202,0.0,0.0,76.49673,97.0,4.5572357,3.0,0.0,0.0
2025-09-21 03:00:00+00:00,17.852,0.0,0.0,78.198105,96.0,4.6938257,3.0,0.0,0.0
2025-09-21 04:00:00+00:00,18.352,0.0,0.0,80.83585,99.0,11.726277,3.0,0.0,0.0
2025-09-21 05:00:00+00:00,17.652,0.0,0.0,84.200966,99.0,11.052058,3.0,0.0,0.0
2025-09-21 06:00:00+00:00,18.052,0.0,0.0,82.37237,100.0,12.855831,3.0,0.0,1.0
2025-09-21 07:00:00+00:00,18.902,0.0,0.0,79.11224,100.0,9.82114,3.0,0.0,1.0
2025-09-21 08:00:00+00:00,18.852,0.0,0.0,81.16151,99.0,10.630672,3.0,0.0,1.0
2025-09-21 09:00:00+00:00,20.802,0.0,0.0,73.548515,100.0,8.373386,3.0,3600.0,1.0
2025-09-21 10:00:00+00:00,21.552,0.1,0.0,70.01645,100.0,13.207634,51.0,1212.2355,1.0
2025-09-21 11:00:00+00:00,22.202,0.1,0.0,66.01365,100.0,15.94804,51.0,1547.5734,1.0
2025-09-21 12:00:00+00:00,21.402,1.2,0.0,69.9878,100.0,11.885453,55.0,0.0,1.0
2025-09-21 13:00:00+00:00,21.352,0.1,0.0,59.73173,100.0,10.7714615,51.0,3600.0,1.0
2025-09-21 14:00:00+00:00,19.752,0.7,0.0,67.88481,100.0,9.227524,53.0,0.0,1.0
2025-09-21 15:00:00+00:00,18.702,1.0,0.0,82.71637,100.0,9.178235,55.0,0.0,1.0
2025-09-21 16:00:00+00:00,16.602,1.3,0.0,95.333,100.0,9.659814,61.0,0.0,1.0
2025-09-21 17:00:00+00:00,15.952,1.7,0.0,96.23227,100.0,9.885262,61.0,0.0,1.0
2025-09-21 18:00:00+00:00,14.602,2.2,0.0,95.882,100.0,13.1041975,61.0,0.0,0.0
2025-09-21 19:00:00+00:00,14.152,1.4,0.0,96.180305,100.0,9.266067,61.0,0.0,0.0
2025-09-21 20:00:00+00:00,13.802,2.7,0.0,95.856834,100.0,9.565437,63.0,0.0,0.0
2025-09-21 21:00:00+00:00,13.552,1.9,0.0,96.47749,100.0,9.375563,61.0,0.0,0.0
2025-09-21 22:00:00+00:00,13.452,0.1,0.0,95.84575,100.0,7.247096,51.0,0.0,0.0
2025-09-21 23:00:00+00:00,13.302,0.0,0.0,96.78698,100.0,8.305396,3.0,0.0,0.0
2025-09-22 00:00:00+00:00,13.152,0.0,0.0,97.41923,100.0,10.070353,3.0,0.0,0.0
2025-09-22 01:00:00+00:00,12.902,0.4,0.0,98.376915,100.0,10.656547,51.0,0.0,0.0
2025-09-22 02:00:00+00:00,12.802,0.4,0.0,98.37566,100.0,11.103243,51.0,0.0,0.0
2025-09-22 03:00:00+00:00,12.852,1.0,0.0,98.05435,100.0,12.140329,55.0,0.0,0.0
2025-09-22 04:00:00+00:00,12.602,2.6,0.0,98.050575,100.0,13.976394,63.0,0.0,0.0
2025-09-22 05:00:00+00:00,12.302,3.0,0.0,98.046036,100.0,15.2501545,63.0,0.0,0.0
2025-09-22 06:00:00+00:00,11.952,2.7,0.0,98.040726,100.0,16.909464,63.0,0.0,1.0
2025-09-22 07:00:00+00:00,11.602,2.0,0.0,97.71127,100.0,17.462782,61.0,0.0,1.0
2025-09-22 08:00:00+00:00,11.652,1.6,0.0,96.74586,100.0,16.165964,61.0,0.0,1.0
2025-09-22 09:00:00+00:00,11.752,1.4,0.0,96.4284,100.0,15.379206,61.0,0.0,1.0
2025-09-22 10:00:00+00:00,11.952,1.4,0.0,96.433914,100.0,15.14783,61.0,0.0,1.0
2025-09-22 11:00:00+00:00,11.902,1.5,0.0,96.11384,100.0,15.955151,61.0,0.0,1.0
2025-09-22 12:00:00+00:00,11.952,0.8,0.0,96.11534,100.0,15.151039,53.0,0.0,1.0
2025-09-22 13:00:00+00:00,12.552,0.2,0.0,87.32725,100.0,20.652988,51.0,0.0,1.0
2025-09-22 14:00:00+00:00,12.802,0.1,0.0,83.925644,100.0,19.453327,51.0,0.0,1.0
2025-09-22 15:00:00+00:00,12.602,0.0,0.0,80.05206,100.0,17.892578,3.0,0.0,1.0
2025-09-22 16:00:00+00:00,12.502,0.0,0.0,78.43519,100.0,16.092644,3.0,0.0,1.0
2025-09-22 17:00:00+00:00,12.552,0.0,0.0,77.652176,100.0,14.428097,3.0,0.0,1.0
2025-09-22 18:00:00+00:00,12.502,0.0,0.0,75.314224,100.0,12.86087,3.0,0.0,0.0
2025-09-22 19:00:00+00:00,12.402,0.0,0.0,76.32587,100.0,12.425216,3.0,0.0,0.0
2025-09-22 20:00:00+00:00,12.152,0.2,0.0,80.530655,100.0,8.688613,51.0,0.0,0.0
2025-09-22 21:00:00+00:00,11.902,0.4,0.0,82.978745,100.0,11.525623,51.0,0.0,0.0
2025-09-22 22:00:00+00:00,11.502,0.2,0.0,86.35383,98.0,12.88981,51.0,0.0,0.0
2025-09-22 23:00:00+00:00,11.402,0.1,0.0,85.18809,100.0,9.867218,51.0,0.0,0.0
2025-09-23 00:00:00+00:00,11.102,0.7,0.0,86.89797,100.0,11.019764,53.0,0.0,0.0
2025-09-23 01:00:00+00:00,11.052,0.0,0.0,91.69564,100.0,9.167638,3.0,0.0,0.0
2025-09-23 02:00:00+00:00,10.902,0.0,0.0,90.15925,100.0,9.686609,3.0,0.0,0.0
2025-09-23 03:00:00+00:00,11.002,0.0,0.0,88.36519,100.0,11.161451,3.0,0.0,0.0
2025-09-23 04:00:00+00:00,10.952,0.0,0.0,88.06364,100.0,11.808878,3.0,0.0,0.0
2025-09-23 05:00:00+00:00,11.052,0.0,0.0,84.862816,100.0,11.334285,3.0,0.0,0.0
2025-09-23 06:00:00+00:00,10.902,1.4,0.0,84.846275,100.0,12.870944,61.0,0.0,1.0
2025-09-23 07:00:00+00:00,10.502,3.6,0.0,89.82613,100.0,14.021525,63.0,0.0,1.0
2025-09-23 08:00:00+00:00,11.252,1.2,0.0,88.98263,100.0,14.565548,55.0,0.0,1.0
2025-09-23 09:00:00+00:00,11.852,2.2,0.0,86.388756,98.0,14.003028,61.0,692.1087,1.0
2025-09-23 10:00:00+00:00,12.002,0.3,0.0,85.82644,100.0,13.276144,51.0,223.00209,1.0
2025-09-23 11:00:00+00:00,12.102,0.3,0.0,87.87074,100.0,14.251863,51.0,0.0,1.0
2025-09-23 12:00:00+00:00,12.952,0.1,0.0,80.10109,100.0,15.426535,51.0,0.0,1.0
2025-09-23 13:00:00+00:00,13.652,0.0,0.0,70.10274,100.0,18.678415,3.0,0.0,1.0
2025-09-23 14:00:00+00:00,14.452,0.0,0.0,67.69756,100.0,16.454992,3.0,0.0,1.0
2025-09-23 15:00:00+00:00,14.552,0.0,0.0,67.94759,100.0,15.629971,3.0,0.0,1.0
2025-09-23 16:00:00+00:00,14.152,0.1,0.0,70.20055,100.0,14.761098,51.0,0.0,1.0
2025-09-23 17:00:00+00:00,13.702,0.3,0.0,74.5065,100.0,12.346741,51.0,0.0,1.0
2025-09-23 18:00:00+00:00,13.352,0.4,0.0,75.711464,100.0,4.68,51.0,0.0,0.0
2025-09-23 19:00:00+00:00,12.002,1.9,0.0,86.40369,100.0,14.677452,61.0,0.0,0.0
2025-09-23 20:00:00+00:00,11.652,0.2,0.0,86.65939,100.0,11.51578,51.0,0.0,0.0
2025-09-23 21:00:00+00:00,11.352,0.3,0.0,88.09895,100.0,14.87153,51.0,0.0,0.0
2025-09-23 22:00:00+00:00,11.202,0.1,0.0,85.16651,100.0,14.799459,51.0,0.0,0.0
2025-09-23 23:00:00+00:00,11.202,0.0,0.0,82.054276,100.0,12.492829,3.0,0.0,0.0
2025-09-24 00:00:00+00:00,10.502,3.2,0.0,92.59081,100.0,9.901636,63.0,0.0,0.0
2025-09-24 01:00:00+00:00,10.452,1.4,0.0,96.71546,100.0,12.287555,61.0,0.0,0.0
2025-09-24 02:00:00+00:00,10.452,1.4,0.0,96.0701,100.0,12.456468,61.0,0.0,0.0
2025-09-24 03:00:00+00:00,10.352,1.2,0.0,95.74554,100.0,12.870944,55.0,0.0,0.0
2025-09-24 04:00:00+00:00,10.152,0.6,0.0,95.41792,100.0,15.03835,53.0,0.0,0.0
2025-09-24 05:00:00+00:00,10.152,0.6,0.0,92.88362,100.0,15.489414,53.0,0.0,0.0
2025-09-24 06:00:00+00:00,10.252,0.1,0.0,91.33658,100.0,14.957339,51.0,0.0,1.0
2025-09-24 07:00:00+00:00,10.352,0.1,0.0,90.72901,100.0,13.513193,51.0,0.0,1.0
2025-09-24 08:00:00+00:00,10.052,1.4,0.0,95.73567,100.0,13.072015,61.0,0.0,1.0
2025-09-24 09:00:00+00:00,10.052,1.5,0.0,96.0579,100.0,15.233148,61.0,0.0,1.0
2025-09-24 10:00:00+00:00,10.602,0.6,0.0,92.59645,100.0,15.192682,53.0,0.0,1.0
2025-09-24 11:00:00+00:00,10.752,0.8,0.0,91.98524,100.0,14.652045,53.0,0.0,1.0
2025-09-24 12:00:00+00:00,10.602,1.5,0.0,95.75376,100.0,13.1412325,61.0,0.0,1.0
2025-09-24 13:00:00+00:00,10.952,0.5,0.0,90.46642,100.0,14.512064,53.0,0.0,1.0
2025-09-24 14:00:00+00:00,10.802,0.9,0.0,94.80474,100.0,12.284918,53.0,0.0,1.0
2025-09-24 15:00:00+00:00,10.552,2.6,0.0,96.073135,100.0,9.984729,63.0,0.0,1.0
2025-09-24 16:00:00+00:00,10.502,2.8,0.0,97.6916,100.0,10.018743,63.0,0.0,1.0
2025-09-24 17:00:00+00:00,10.552,1.2,0.0,97.69249,100.0,8.338489,55.0,0.0,1.0
2025-09-24 18:00:00+00:00,10.502,0.7,0.0,98.018456,100.0,7.9932976,53.0,0.0,0.0
2025-09-24 19:00:00+00:00,10.552,0.5,0.0,98.01923,100.0,9.0645685,53.0,0.0,0.0
2025-09-24 20:00:00+00:00,10.602,0.5,0.0,97.69339,100.0,9.801326,53.0,0.0,0.0
2025-09-24 21:00:00+00:00,10.602,0.4,0.0,98.020004,100.0,9.114471,51.0,0.0,0.0
2025-09-24 22:00:00+00:00,10.602,0.7,0.0,98.34759,100.0,9.087772,53.0,0.0,0.0
2025-09-24 23:00:00+00:00,10.602,0.6,0.0,98.34759,100.0,8.431228,53.0,0.0,0.0
2025-09-25 00:00:00+00:00,10.602,0.8,0.0,98.34759,100.0,7.555712,53.0,0.0,0.0
2025-09-25 01:00:00+00:00,10.202,0.9,0.0,98.3424,100.0,5.4119864,53.0,0.0,0.0
2025-09-25 02:00:00+00:00,10.202,0.7,0.0,98.3424,100.0,5.2939587,53.0,0.0,0.0
2025-09-25 03:00:00+00:00,10.152,0.4,0.0,98.67144,100.0,5.7964473,51.0,0.0,0.0
2025-09-25 04:00:00+00:00,10.052,0.2,0.0,99.001335,100.0,5.8104043,51.0,0.0,0.0
2025-09-25 05:00:00+00:00,10.002,0.3,0.0,99.000946,100.0,5.0688457,51.0,0.0,0.0
2025-09-25 06:00:00+00:00,10.002,0.2,0.0,99.000946,100.0,3.7971041,51.0,0.0,1.0
2025-09-25 07:00:00+00:00,10.102,0.2,0.0,98.01224,100.0,5.896202,51.0,0.0,1.0
2025-09-25 08:00:00+00:00,10.252,0.3,0.0,97.36055,100.0,5.9427266,51.0,0.0,1.0
2025-09-25 09:00:00+00:00,10.302,0.7,0.0,98.34369,100.0,5.728979,53.0,0.0,1.0
2025-09-25 10:00:00+00:00,10.552,0.9,0.0,97.69249,100.0,5.994297,53.0,0.0,1.0
2025-09-25 11:00:00+00:00,10.552,0.9,0.0,97.69249,100.0,5.5916004,53.0,0.0,1.0
2025-09-25 12:00:00+00:00,11.152,0.6,0.0,92.62732,100.0,4.6834598,53.0,0.0,1.0
2025-09-25 13:00:00+00:00,10.802,0.5,0.0,96.08072,100.0,5.1919937,53.0,0.0,1.0
2025-09-25 14:00:00+00:00,10.652,0.5,0.0,96.076164,100.0,5.8603754,53.0,0.0,1.0
2025-09-25 15:00:00+00:00,10.602,0.5,0.0,96.39649,100.0,6.6405115,53.0,0.0,1.0
2025-09-25 16:00:00+00:00,10.452,0.4,0.0,97.03958,100.0,4.6800003,51.0,0.0,1.0
2025-09-25 17:00:00+00:00,10.352,0.1,0.0,98.344345,100.0,3.06,51.0,0.0,1.0
2025-09-25 18:00:00+00:00,10.252,0.1,0.0,98.672485,100.0,2.4482648,51.0,0.0,0.0
2025-09-25 19:00:00+00:00,10.202,0.3,0.0,98.3424,100.0,1.6981165,51.0,0.0,0.0
2025-09-25 20:00:00+00:00,9.852,0.1,0.0,98.337845,100.0,2.5071096,51.0,0.0,0.0
2025-09-25 21:00:00+00:00,9.452,0.0,0.0,98.9966,100.0,3.8939953,3.0,0.0,0.0
2025-09-25 22:00:00+00:00,8.752,0.0,0.0,100.0,95.0,3.563818,3.0,0.0,0.0
2025-09-25 23:00:00+00:00,7.952,0.0,0.0,100.0,100.0,4.5891175,3.0,0.0,0.0
2025-09-26 00:00:00+00:00,7.952,0.0,0.0,99.32206,86.0,5.896202,3.0,0.0,0.0
2025-09-26 01:00:00+00:00,9.052,0.0,0.0,98.6599,100.0,9.016185,3.0,0.0,0.0
2025-09-26 02:00:00+00:00,8.802,0.0,0.0,98.99145,100.0,8.953078,3.0,0.0,0.0
2025-09-26 03:00:00+00:00,8.552,0.0,0.0,99.66215,100.0,9.9,3.0,0.0,0.0
2025-09-26 04:00:00+00:00,8.452,0.0,0.0,98.988655,100.0,10.094454,3.0,0.0,0.0
2025-09-26 05:00:00+00:00,8.302,0.0,0.0,99.323944,100.0,11.079873,3.0,0.0,0.0
2025-09-26 06:00:00+00:00,8.302,0.0,0.0,98.98744,100.0,11.634741,3.0,0.0,1.0
2025-09-26 07:00:00+00:00,8.802,0.0,0.0,97.33045,100.0,12.815443,3.0,0.0,1.0
2025-09-26 08:00:00+00:00,9.752,0.0,0.0,94.44343,100.0,12.71901,3.0,0.0,1.0
2025-09-26 09:00:00+00:00,11.102,0.0,0.0,88.97032,100.0,10.8672905,3.0,0.0,1.0
2025-09-26 10:00:00+00:00,12.052,0.0,0.0,86.119705,100.0,10.626099,3.0,0.0,1.0
2025-09-26 11:00:00+00:00,12.602,0.0,0.0,83.90249,100.0,11.074023,3.0,0.0,1.0
2025-09-26 12:00:00+00:00,13.502,0.1,0.0,79.11254,100.0,11.362834,51.0,0.0,1.0
2025-09-26 13:00:00+00:00,12.852,0.1,0.0,79.01765,100.0,11.448055,51.0,0.0,1.0
2025-09-26 14:00:00+00:00,13.602,0.1,0.0,75.24515,100.0,9.7565975,51.0,0.0,1.0
2025-09-26 15:00:00+00:00,13.652,0.0,0.0,75.76111,100.0,9.109138,3.0,0.0,1.0
2025-09-26 16:00:00+00:00,13.302,0.0,0.0,79.88211,100.0,5.402999,3.0,0.0,1.0
2025-09-26 17:00:00+00:00,12.902,0.0,0.0,83.10025,96.0,4.514377,3.0,0.0,1.0
2025-09-26 18:00:00+00:00,12.152,0.0,0.0,87.875206,100.0,2.1897945,3.0,0.0,0.0
2025-09-26 19:00:00+00:00,12.102,0.0,0.0,88.16475,100.0,4.327493,3.0,0.0,0.0
2025-09-26 20:00:00+00:00,11.402,0.0,0.0,92.02455,99.0,4.86,3.0,0.0,0.0
2025-09-26 21:00:00+00:00,10.402,0.1,0.0,95.10728,98.0,2.6758924,51.0,0.0,0.0
2025-09-26 22:00:00+00:00,9.702,0.2,0.0,97.67712,97.0,3.0652895,51.0,0.0,0.0
2025-09-26 23:00:00+00:00,9.702,0.2,0.0,98.33589,99.0,0.8049845,51.0,0.0,0.0
2025-09-27 00:00:00+00:00,9.802,0.0,0.0,98.3372,85.0,0.6489992,3.0,0.0,0.0
2025-09-27 01:00:00+00:00,10.802,0.1,0.0,98.6782,100.0,1.8,51.0,0.0,0.0
2025-09-27 02:00:00+00:00,10.502,0.4,0.0,99.00486,100.0,2.0124612,51.0,0.0,0.0
2025-09-27 03:00:00+00:00,10.602,1.0,0.0,99.33612,100.0,4.143911,55.0,0.0,0.0
2025-09-27 04:00:00+00:00,10.402,1.1,0.0,99.66705,98.0,6.12,55.0,0.0,0.0
2025-09-27 05:00:00+00:00,10.002,0.1,0.0,99.666,100.0,4.991553,51.0,0.0,0.0
2025-09-27 06:00:00+00:00,10.302,0.0,0.0,98.67301,100.0,6.804381,3.0,0.0,1.0
2025-09-27 07:00:00+00:00,10.952,0.0,0.0,97.05106,88.0,8.209263,3.0,0.0,1.0
2025-09-27 08:00:00+00:00,12.302,0.0,0.0,91.46939,62.0,6.6185193,2.0,3600.0,1.0
2025-09-27 09:00:00+00:00,13.252,0.0,0.0,88.55717,83.0,4.514377,3.0,3600.0,1.0
2025-09-27 10:00:00+00:00,14.352,0.1,0.0,80.8299,42.0,4.080882,51.0,3600.0,1.0
2025-09-27 11:00:00+00:00,15.202,0.0,0.0,72.555,68.0,4.186693,2.0,3600.0,1.0
2025-09-27 12:00:00+00:00,15.802,0.0,0.0,68.43255,75.0,2.9024127,2.0,3600.0,1.0
2025-09-27 13:00:00+00:00,15.452,0.1,0.0,69.74952,100.0,0.56920993,51.0,2425.6348,1.0
2025-09-27 14:00:00+00:00,15.752,0.0,0.0,67.965836,65.0,4.39436,2.0,3600.0,1.0
2025-09-27 15:00:00+00:00,15.802,0.0,0.0,67.97609,45.0,3.1845248,1.0,3600.0,1.0
2025-09-27 16:00:00+00:00,15.502,0.0,0.0,71.88752,52.0,3.572898,2.0,3600.0,1.0
2025-09-27 17:00:00+00:00,14.002,0.0,0.0,79.980415,26.0,1.0182338,1.0,2567.18,1.0
2025-09-27 18:00:00+00:00,12.852,0.0,0.0,82.81677,19.0,2.1897945,0.0,0.0,0.0
2025-09-27 19:00:00+00:00,12.152,0.0,0.0,84.9833,11.0,2.6758924,0.0,0.0,0.0
2025-09-27 20:00:00+00:00,11.402,0.0,0.0,86.92685,14.0,2.0523157,0.0,0.0,0.0
2025-09-27 21:00:00+00:00,10.602,0.0,0.0,89.83375,16.0,1.8,0.0,0.0,0.0
2025-09-27 22:00:00+00:00,10.202,0.0,0.0,91.02546,0.0,5.8603754,0.0,0.0,0.0
2025-09-27 23:00:00+00:00,10.102,0.0,0.0,89.49205,0.0,6.5520988,0.0,0.0,0.0
2025-09-28 00:00:00+00:00,9.602,0.0,0.0,89.75715,5.0,0.6489992,0.0,0.0,0.0
2025-09-28 01:00:00+00:00,9.852,0.0,0.0,95.72905,14.0,3.550155,0.0,0.0,0.0
2025-09-28 02:00:00+00:00,9.352,0.0,0.0,97.01409,8.0,3.6179552,0.0,0.0,0.0
2025-09-28 03:00:00+00:00,8.552,0.0,0.0,99.325294,9.0,3.0758414,0.0,0.0,0.0
2025-09-28 04:00:00+00:00,8.052,0.0,0.0,100.0,100.0,3.62243,3.0,0.0,0.0
2025-09-28 05:00:00+00:00,7.852,0.0,0.0,99.99999,96.0,4.6277857,3.0,0.0,0.0
2025-09-28 06:00:00+00:00,8.102,0.0,0.0,100.0,100.0,7.072878,3.0,0.0,1.0
2025-09-28 07:00:00+00:00,10.152,0.0,0.0,96.707794,97.0,6.603817,3.0,2958.7866,1.0
2025-09-28 08:00:00+00:00,11.802,0.0,0.0,93.28209,100.0,7.5942082,3.0,3600.0,1.0
2025-09-28 09:00:00+00:00,13.552,0.0,0.0,87.70913,100.0,9.847496,3.0,3600.0,1.0
2025-09-28 10:00:00+00:00,14.852,0.0,0.0,81.97207,95.0,10.711135,3.0,3600.0,1.0
2025-09-28 11:00:00+00:00,15.952,0.0,0.0,75.88612,49.0,10.662626,1.0,3600.0,1.0
2025-09-28 12:00:00+00:00,17.052,0.0,0.0,68.23108,50.0,11.1090765,2.0,3600.0,1.0
2025-09-28 13:00:00+00:00,16.001999,0.0,0.0,71.26622,100.0,11.368535,3.0,3600.0,1.0
2025-09-28 14:00:00+00:00,16.552,0.0,0.0,67.45223,68.0,11.503113,2.0,3600.0,1.0
2025-09-28 15:00:00+00:00,16.652,0.0,0.0,65.69686,28.0,11.230904,1.0,3600.0,1.0
2025-09-28 16:00:00+00:00,16.152,0.0,0.0,70.11956,57.0,8.452336,2.0,3600.0,1.0
2025-09-28 17:00:00+00:00,14.502,0.0,0.0,78.73262,7.0,6.114703,0.0,2437.6934,1.0
2025-09-28 18:00:00+00:00,13.102,0.0,0.0,86.225525,1.0,6.037383,0.0,0.0,0.0
2025-09-28 19:00:00+00:00,12.102,0.0,0.0,90.85011,1.0,4.8433046,0.0,0.0,0.0
2025-09-28 20:00:00+00:00,11.202,0.0,0.0,92.63011,0.0,4.323748,0.0,0.0,0.0
2025-09-28 21:00:00+00:00,10.502,0.0,0.0,92.59081,0.0,4.913044,0.0,0.0,0.0
2025-09-28 22:00:00+00:00,9.652,0.0,0.0,92.85641,0.0,3.4247334,0.0,0.0,0.0
2025-09-28 23:00:00+00:00,9.302,0.0,0.0,94.10486,0.0,4.0249224,0.0,0.0,0.0
2025-09-29 00:00:00+00:00,9.052,0.0,0.0,94.09348,1.0,4.510787,0.0,0.0,0.0
2025-09-29 01:00:00+00:00,7.952,0.0,0.0,96.32134,8.0,3.8141315,0.0,0.0,0.0
2025-09-29 02:00:00+00:00,7.402,0.0,0.0,98.30542,8.0,2.8856194,0.0,0.0,0.0
2025-09-29 03:00:00+00:00,7.052,0.0,0.0,99.31719,0.0,1.9881649,0.0,0.0,0.0
2025-09-29 04:00:00+00:00,6.952,0.0,0.0,100.0,100.0,0.5091169,3.0,0.0,0.0
2025-09-29 05:00:00+00:00,6.902,0.0,0.0,100.0,99.0,0.17999999,3.0,0.0,0.0
2025-09-29 06:00:00+00:00,7.352,0.0,0.0,99.99999,100.0,0.17999999,3.0,0.0,1.0
2025-09-29 07:00:00+00:00,8.252,0.0,0.0,98.651405,100.0,0.9693296,3.0,2206.1238,1.0
2025-09-29 08:00:00+00:00,9.802,0.0,0.0,95.08458,100.0,1.5484185,3.0,2439.726,1.0
2025-09-29 09:00:00+00:00,12.052,0.0,0.0,90.243576,82.0,1.8089776,3.0,3600.0,1.0
2025-09-29 10:00:00+00:00,14.052,0.0,0.0,84.06916,37.0,3.671294,1.0,3600.0,1.0
2025-09-29 11:00:00+00:00,15.752,0.0,0.0,78.139984,12.0,4.68,0.0,3600.0,1.0
2025-09-29 12:00:00+00:00,17.152,0.0,0.0,73.14668,24.0,4.91634,1.0,3600.0,1.0
2025-09-29 13:00:00+00:00,17.852,0.0,0.0,65.9539,30.0,3.06,1.0,3600.0,1.0
2025-09-29 14:00:00+00:00,17.902,0.1,0.0,64.88173,41.0,4.0249224,51.0,3600.0,1.0
2025-09-29 15:00:00+00:00,17.102,0.0,0.0,68.46768,35.0,5.9427266,1.0,3600.0,1.0
2025-09-29 16:00:00+00:00,16.602,0.0,0.0,74.50751,65.0,3.462369,2.0,3600.0,1.0
2025-09-29 17:00:00+00:00,15.202,0.0,0.0,81.47859,58.0,1.7076298,2.0,2198.019,1.0
2025-09-29 18:00:00+00:00,14.652,0.0,0.0,83.58492,72.0,0.742159,2.0,0.0,0.0
2025-09-29 19:00:00+00:00,13.802,0.0,0.0,86.580986,98.0,0.6489992,3.0,0.0,0.0
2025-09-29 20:00:00+00:00,13.052,0.0,0.0,89.128746,96.0,0.742159,3.0,0.0,0.0
2025-09-29 21:00:00+00:00,12.552,0.0,0.0,90.880875,100.0,1.9881649,3.0,0.0,0.0
2025-09-29 22:00:00+00:00,12.052,0.0,0.0,92.06359,100.0,2.3400002,3.0,0.0,0.0
2025-09-29 23:00:00+00:00,12.252,0.0,0.0,90.86039,100.0,4.4274144,3.0,0.0,0.0
2025-09-30 00:00:00+00:00,11.802,0.0,0.0,92.66354,99.0,6.193674,3.0,0.0,0.0
2025-09-30 01:00:00+00:00,11.452,0.0,0.0,95.14663,100.0,5.3939967,3.0,0.0,0.0
2025-09-30 02:00:00+00:00,11.402,0.0,0.0,94.19905,100.0,5.1481256,3.0,0.0,0.0
2025-09-30 03:00:00+00:00,11.002,0.0,0.0,94.49654,100.0,3.2599385,3.0,0.0,0.0
2025-09-30 04:00:00+00:00,10.852,0.0,0.0,94.80673,100.0,4.2175345,3.0,0.0,0.0
2025-09-30 05:00:00+00:00,10.952,0.0,0.0,95.12795,100.0,5.495161,3.0,0.0,0.0
2025-09-30 06:00:00+00:00,11.252,0.0,0.0,94.82266,99.0,4.91634,3.0,0.0,1.0
2025-09-30 07:00:00+00:00,12.052,0.0,0.0,94.54056,100.0,4.3498964,3.0,0.0,1.0
2025-09-30 08:00:00+00:00,13.302,0.0,0.0,90.931816,100.0,2.6999998,3.0,2218.2397,1.0
2025-09-30 09:00:00+00:00,14.002,0.0,0.0,85.18282,52.0,4.3536186,2.0,2804.0574,1.0
2025-09-30 10:00:00+00:00,14.952,0.0,0.0,79.848404,54.0,4.8466477,2.0,3600.0,1.0
2025-09-30 11:00:00+00:00,15.802,0.0,0.0,75.1129,100.0,5.8298883,3.0,3600.0,1.0
2025-09-30 12:00:00+00:00,16.352,0.1,0.0,70.39173,99.0,6.8423676,51.0,3600.0,1.0
2025-09-30 13:00:00+00:00,15.852,0.0,0.0,71.00123,87.0,7.2202215,3.0,3065.9646,1.0
2025-09-30 14:00:00+00:00,16.352,0.0,0.0,68.088646,42.0,7.072878,1.0,3600.0,1.0
2025-09-30 15:00:00+00:00,16.102,0.4,0.0,66.686195,47.0,8.777653,51.0,3600.0,1.0
2025-09-30 16:00:00+00:00,15.552,0.1,0.0,74.3277,13.0,7.029225,51.0,3600.0,1.0
2025-09-30 17:00:00+00:00,13.802,0.2,0.0,78.36687,55.0,7.9932966,51.0,2006.0403,1.0
2025-09-30 18:00:00+00:00,12.302,0.0,0.0,88.182205,23.0,4.39436,1.0,0.0,0.0
2025-09-30 19:00:00+00:00,11.652,0.0,0.0,90.51634,16.0,4.942631,0.0,0.0,0.0
2025-09-30 20:00:00+00:00,10.852,0.0,0.0,92.6105,21.0,5.2416787,1.0,0.0,0.0
2025-09-30 21:00:00+00:00,9.952,0.0,0.0,94.134254,25.0,4.896529,1.0,0.0,0.0
2025-09-30 22:00:00+00:00,9.402,0.0,0.0,95.06936,9.0,4.6938257,0.0,0.0,0.0
2025-09-30 23:00:00+00:00,9.002,0.0,0.0,96.3514,0.0,5.1481256,0.0,0.0,0.0
2025-10-01 00:00:00+00:00,9.252,0.0,0.0,95.06363,16.0,8.209263,0.0,0.0,0.0
2025-10-01 01:00:00+00:00,8.702,0.0,0.0,95.69074,4.0,8.777654,0.0,0.0,0.0
2025-10-01 02:00:00+00:00,8.652,0.0,0.0,95.689064,28.0,8.61371,1.0,0.0,0.0
2025-10-01 03:00:00+00:00,8.502,0.0,0.0,96.33714,5.0,8.694204,0.0,0.0,0.0
2025-10-01 04:00:00+00:00,8.402,0.0,0.0,96.00697,4.0,9.19939,0.0,0.0,0.0
2025-10-01 05:00:00+00:00,8.052,0.0,0.0,96.32422,0.0,9.485504,0.0,0.0,0.0
2025-10-01 06:00:00+00:00,7.802,0.0,0.0,97.30939,13.0,8.936778,0.0,0.0,1.0
2025-10-01 07:00:00+00:00,8.502,0.0,0.0,93.42887,42.0,9.582358,1.0,3600.0,1.0
2025-10-01 08:00:00+00:00,9.652,0.0,0.0,87.648766,50.0,9.826088,2.0,3600.0,1.0
2025-10-01 09:00:00+00:00,11.352,0.0,0.0,79.87563,13.0,8.775807,0.0,3600.0,1.0
2025-10-01 10:00:00+00:00,13.002,0.0,0.0,73.88359,1.0,9.039514,0.0,3600.0,1.0
2025-10-01 11:00:00+00:00,14.402,0.0,0.0,64.10769,33.0,10.63372,1.0,3600.0,1.0
2025-10-01 12:00:00+00:00,14.852,0.0,0.0,57.361805,44.0,11.672275,1.0,3600.0,1.0
2025-10-01 13:00:00+00:00,15.402,0.0,0.0,53.309402,26.0,12.0694,1.0,3600.0,1.0
2025-10-01 14:00:00+00:00,15.652,0.0,0.0,50.326862,41.0,10.966713,1.0,3600.0,1.0
2025-10-01 15:00:00+00:00,15.202,0.0,0.0,48.65144,56.0,11.364259,2.0,3600.0,1.0
2025-10-01 16:00:00+00:00,14.152,0.0,0.0,56.399017,42.0,9.82114,1.0,3600.0,1.0
2025-10-01 17:00:00+00:00,12.302,0.0,0.0,62.32174,18.0,11.681987,0.0,2047.1671,1.0
2025-10-01 18:00:00+00:00,11.352,0.0,0.0,66.58172,8.0,11.770403,0.0,0.0,0.0
2025-10-01 19:00:00+00:00,10.252,0.0,0.0,69.66798,3.0,11.39842,0.0,0.0,0.0
2025-10-01 20:00:00+00:00,9.452,0.0,0.0,72.48518,2.0,10.272623,0.0,0.0,0.0
2025-10-01 21:00:00+00:00,8.852,0.0,0.0,75.73802,2.0,9.187056,0.0,0.0,0.0
2025-10-01 22:00:00+00:00,8.302,0.0,0.0,78.06303,1.0,8.656858,0.0,0.0,0.0
2025-10-01 23:00:00+00:00,7.852,0.0,0.0,79.36955,0.0,9.292254,0.0,0.0,0.0
2025-10-02 00:00:00+00:00,7.052,0.0,0.0,80.65624,0.0,9.6932955,0.0,0.0,0.0
2025-10-02 01:00:00+00:00,6.452,0.0,0.0,82.874916,0.0,10.215693,0.0,0.0,0.0
2025-10-02 02:00:00+00:00,6.002,0.0,0.0,85.186134,0.0,10.661107,0.0,0.0,0.0
2025-10-02 03:00:00+00:00,5.702,0.0,0.0,86.36172,0.0,10.215693,0.0,0.0,0.0
2025-10-02 04:00:00+00:00,5.202,0.0,0.0,88.78217,0.0,9.927779,0.0,0.0,0.0
2025-10-02 05:00:00+00:00,4.752,0.0,0.0,90.325226,0.0,10.564942,0.0,0.0,0.0
2025-10-02 06:00:00+00:00,4.552,0.0,0.0,91.595375,0.0,10.931203,0.0,0.0,1.0
2025-10-02 07:00:00+00:00,6.002,0.0,0.0,87.3069,0.0,10.730778,0.0,3600.0,1.0
2025-10-02 08:00:00+00:00,8.202,0.0,0.0,80.25527,0.0,9.761578,0.0,3600.0,1.0
2025-10-02 09:00:00+00:00,10.252,0.0,0.0,73.90218,0.0,10.00256,0.0,3600.0,1.0
2025-10-02 10:00:00+00:00,11.902,0.0,0.0,68.33093,0.0,10.385547,0.0,3600.0,1.0
2025-10-02 11:00:00+00:00,13.252,0.0,0.0,61.05041,2.0,11.213581,0.0,3600.0,1.0
2025-10-02 12:00:00+00:00,14.102,0.0,0.0,56.778294,2.0,12.241323,0.0,3600.0,1.0
2025-10-02 13:00:00+00:00,14.852,0.0,0.0,51.526134,13.0,11.989945,0.0,3600.0,1.0
2025-10-02 14:00:00+00:00,15.202,0.0,0.0,47.141518,16.0,11.609651,0.0,3600.0,1.0
2025-10-02 15:00:00+00:00,15.102,0.0,0.0,47.61217,6.0,10.538843,0.0,3600.0,1.0
2025-10-02 16:00:00+00:00,14.102,0.0,0.0,57.17275,3.0,7.1661706,0.0,3600.0,1.0
2025-10-02 17:00:00+00:00,12.052,0.0,0.0,66.9628,0.0,8.133928,0.0,1916.7062,1.0
2025-10-02 18:00:00+00:00,10.852,0.0,0.0,72.2443,0.0,10.308831,0.0,0.0,0.0
2025-10-02 19:00:00+00:00,9.852,0.0,0.0,74.60294,0.0,10.316686,0.0,0.0,0.0
2025-10-02 20:00:00+00:00,9.202,0.0,0.0,74.23013,0.0,10.239453,0.0,0.0,0.0
2025-10-02 21:00:00+00:00,8.702,0.0,0.0,74.40131,0.0,10.564942,0.0,0.0,0.0
2025-10-02 22:00:00+00:00,8.302,0.0,0.0,75.11688,0.0,10.7714615,0.0,0.0,0.0
2025-10-02 23:00:00+00:00,8.002,0.0,0.0,75.06508,0.0,11.402683,0.0,0.0,0.0
2025-10-03 00:00:00+00:00,7.902,0.0,0.0,73.99868,1.0,11.090103,0.0,0.0,0.0
2025-10-03 01:00:00+00:00,7.302,0.0,0.0,75.4749,44.0,10.337079,1.0,0.0,0.0
2025-10-03 02:00:00+00:00,6.952,0.0,0.0,76.48979,99.0,10.182337,3.0,0.0,0.0
2025-10-03 03:00:00+00:00,6.752,0.0,0.0,76.727844,89.0,8.707238,3.0,0.0,0.0
2025-10-03 04:00:00+00:00,6.302,0.0,0.0,78.02618,98.0,10.658068,3.0,0.0,0.0
2025-10-03 05:00:00+00:00,6.152,0.0,0.0,77.72625,100.0,10.209348,3.0,0.0,0.0
2025-10-03 06:00:00+00:00,6.652,0.0,0.0,77.80522,100.0,10.5234585,3.0,0.0,1.0
2025-10-03 07:00:00+00:00,7.802,0.0,0.0,75.03044,100.0,8.891344,3.0,0.0,1.0
2025-10-03 08:00:00+00:00,9.152,0.0,0.0,75.525276,100.0,6.9899354,3.0,0.0,1.0
2025-10-03 09:00:00+00:00,10.652,0.0,0.0,68.78563,100.0,2.0124612,3.0,0.0,1.0
2025-10-03 10:00:00+00:00,12.002,0.0,0.0,63.123623,100.0,1.484318,3.0,1709.5569,1.0
2025-10-03 11:00:00+00:00,12.402,0.0,0.0,63.2158,100.0,2.19718,3.0,149.85924,1.0
2025-10-03 12:00:00+00:00,13.202,0.0,0.0,59.370678,100.0,1.0948973,3.0,315.0126,1.0
2025-10-03 13:00:00+00:00,13.452,0.0,0.0,61.52102,100.0,3.3043609,3.0,0.0,1.0
2025-10-03 14:00:00+00:00,12.502,0.0,0.0,69.16204,100.0,7.3447943,3.0,0.0,1.0
2025-10-03 15:00:00+00:00,12.402,0.0,0.0,67.96554,100.0,7.0774574,3.0,121.42914,1.0
2025-10-03 16:00:00+00:00,11.652,0.0,0.0,72.14526,100.0,3.381893,3.0,0.0,1.0
2025-10-03 17:00:00+00:00,10.602,0.0,0.0,78.95423,100.0,3.8939953,3.0,0.0,1.0
2025-10-03 18:00:00+00:00,10.402,0.0,0.0,81.67179,100.0,5.634891,3.0,0.0,0.0
2025-10-03 19:00:00+00:00,10.452,0.0,0.0,83.36637,100.0,3.3481934,3.0,0.0,0.0
2025-10-03 20:00:00+00:00,10.252,0.0,0.0,83.3423,100.0,7.0038276,3.0,0.0,0.0
2025-10-03 21:00:00+00:00,9.702,0.0,0.0,85.87853,100.0,4.863332,3.0,0.0,0.0
2025-10-03 22:00:00+00:00,9.652,0.0,0.0,86.461586,100.0,4.752136,3.0,0.0,0.0
2025-10-03 23:00:00+00:00,10.502,0.0,0.0,78.4002,100.0,7.7734165,3.0,0.0,0.0
2025-10-04 00:00:00+00:00,11.452,0.0,0.0,74.87978,100.0,8.643749,3.0,0.0,0.0
2025-10-04 01:00:00+00:00,11.352,0.1,0.0,75.89425,100.0,6.601363,51.0,0.0,0.0
2025-10-04 02:00:00+00:00,11.652,0.4,0.0,76.9863,100.0,8.035746,51.0,0.0,0.0
2025-10-04 03:00:00+00:00,11.852,0.1,0.0,82.13746,100.0,10.742848,51.0,0.0,0.0
2025-10-04 04:00:00+00:00,12.902,0.1,0.0,84.49927,94.0,18.47698,51.0,0.0,0.0
2025-10-04 05:00:00+00:00,13.802,0.0,0.0,80.48715,89.0,21.661413,3.0,0.0,0.0
2025-10-04 06:00:00+00:00,14.702,0.0,0.0,77.20802,100.0,22.922983,3.0,0.0,1.0
2025-10-04 07:00:00+00:00,16.001999,0.0,0.0,75.89428,100.0,24.850431,3.0,0.0,1.0
2025-10-04 08:00:00+00:00,16.902,0.0,0.0,72.145386,100.0,27.661497,3.0,0.0,1.0
2025-10-04 09:00:00+00:00,17.402,0.0,0.0,72.951385,100.0,29.237675,3.0,150.35316,1.0
2025-10-04 10:00:00+00:00,18.102,0.0,0.0,71.42396,100.0,31.85644,3.0,0.0,1.0
2025-10-04 11:00:00+00:00,18.652,0.1,0.0,71.52598,100.0,32.71695,51.0,0.0,1.0
2025-10-04 12:00:00+00:00,16.402,3.7,0.0,90.84511,100.0,28.11056,63.0,0.0,1.0
2025-10-04 13:00:00+00:00,13.452,2.8,0.0,94.288895,100.0,19.649702,63.0,0.0,1.0
2025-10-04 14:00:00+00:00,12.602,1.1,0.0,94.56341,100.0,16.50218,55.0,0.0,1.0
2025-10-04 15:00:00+00:00,12.152,0.7,0.0,91.156204,75.0,20.251398,53.0,0.0,1.0
2025-10-04 16:00:00+00:00,12.102,0.1,0.0,88.75537,84.0,23.426292,51.0,3355.0764,1.0
2025-10-04 17:00:00+00:00,10.902,1.7,0.0,92.92416,55.0,23.365358,61.0,666.5562,0.0
2025-10-04 18:00:00+00:00,10.652,0.0,0.0,88.3349,5.0,21.30093,0.0,0.0,0.0
2025-10-04 19:00:00+00:00,10.702,0.0,0.0,80.87981,11.0,20.160803,0.0,0.0,0.0
2025-10-04 20:00:00+00:00,10.202,0.0,0.0,79.16619,29.0,21.513577,1.0,0.0,0.0
2025-10-04 21:00:00+00:00,9.752,0.0,0.0,82.99709,31.0,23.16412,1.0,0.0,0.0
2025-10-04 22:00:00+00:00,9.202,0.0,0.0,86.12101,42.0,24.20381,1.0,0.0,0.0
2025-10-04 23:00:00+00:00,9.302,0.0,0.0,84.66822,91.0,25.17234,3.0,0.0,0.0
2025-10-05 00:00:00+00:00,9.452,0.0,0.0,81.82749,90.0,24.541468,3.0,0.0,0.0
2025-10-05 01:00:00+00:00,9.552,0.0,0.0,80.16829,97.0,22.50576,3.0,0.0,0.0
2025-10-05 02:00:00+00:00,9.852,0.0,0.0,76.962296,95.0,21.370783,3.0,0.0,0.0
2025-10-05 03:00:00+00:00,9.602,0.0,0.0,77.9933,100.0,20.88698,3.0,0.0,0.0
2025-10-05 04:00:00+00:00,9.802,0.0,0.0,77.75549,100.0,20.558647,3.0,0.0,0.0
2025-10-05 05:00:00+00:00,9.852,0.0,0.0,78.57162,100.0,21.733088,3.0,0.0,0.0
2025-10-05 06:00:00+00:00,9.752,0.0,0.0,84.1413,92.0,20.11656,3.0,0.0,1.0
2025-10-05 07:00:00+00:00,10.052,0.1,0.0,83.60321,100.0,21.90534,51.0,375.93683,1.0
2025-10-05 08:00:00+00:00,10.052,0.4,0.0,84.46356,100.0,19.219584,51.0,0.0,1.0
2025-10-05 09:00:00+00:00,10.802,0.1,0.0,85.41198,100.0,19.229696,51.0,0.0,1.0
2025-10-05 10:00:00+00:00,12.052,0.1,0.0,76.268814,98.0,24.152887,51.0,738.7308,1.0
2025-10-05 11:00:00+00:00,11.202,0.4,0.0,82.61255,64.0,21.734581,51.0,3600.0,1.0
2025-10-05 12:00:00+00:00,12.652,0.1,0.0,74.83057,100.0,22.50072,51.0,3600.0,1.0
2025-10-05 13:00:00+00:00,12.402,2.7,0.0,78.951584,80.0,18.13003,63.0,3600.0,1.0
2025-10-05 14:00:00+00:00,12.752,0.1,0.0,68.271614,45.0,20.625517,51.0,3600.0,1.0
2025-10-05 15:00:00+00:00,13.052,0.0,0.0,63.146923,23.0,19.483284,1.0,3600.0,1.0
2025-10-05 16:00:00+00:00,12.652,0.0,0.0,63.492374,95.0,16.284779,3.0,3600.0,1.0
2025-10-05 17:00:00+00:00,11.902,0.0,0.0,65.556114,100.0,15.463244,3.0,0.0,0.0
2025-10-05 18:00:00+00:00,11.352,0.0,0.0,73.59048,100.0,15.376045,3.0,0.0,0.0
2025-10-05 19:00:00+00:00,10.852,0.0,0.0,76.07171,96.0,15.130711,3.0,0.0,0.0
2025-10-05 20:00:00+00:00,10.552,0.1,0.0,77.339424,96.0,13.462749,51.0,0.0,0.0
2025-10-05 21:00:00+00:00,10.252,0.0,0.0,77.29197,99.0,13.538345,3.0,0.0,0.0
2025-10-05 22:00:00+00:00,10.202,0.0,0.0,77.28405,100.0,15.697197,3.0,0.0,0.0
2025-10-05 23:00:00+00:00,9.902,0.0,0.0,79.121994,100.0,16.5776,3.0,0.0,0.0
2025-10-06 00:00:00+00:00,10.002,0.0,0.0,85.90966,59.0,14.761098,2.0,0.0,0.0
2025-10-06 01:00:00+00:00,9.552,0.2,0.0,88.540016,100.0,15.629971,51.0,0.0,0.0
2025-10-06 02:00:00+00:00,9.252,0.1,0.0,89.4248,100.0,16.782528,51.0,0.0,0.0
2025-10-06 03:00:00+00:00,9.052,0.0,0.0,90.32898,97.0,17.339897,3.0,0.0,0.0
2025-10-06 04:00:00+00:00,8.752,0.0,0.0,91.23746,80.0,17.10284,3.0,0.0,0.0
2025-10-06 05:00:00+00:00,8.602,0.0,0.0,91.53981,100.0,17.318394,3.0,0.0,0.0
2025-10-06 06:00:00+00:00,9.752,0.0,0.0,92.54837,100.0,15.627897,3.0,0.0,1.0
2025-10-06 07:00:00+00:00,10.052,0.0,0.0,91.63256,100.0,15.580141,3.0,0.0,1.0
2025-10-06 08:00:00+00:00,10.702,0.0,0.0,88.93741,100.0,19.229694,3.0,0.0,1.0
2025-10-06 09:00:00+00:00,11.552,0.0,0.0,84.6321,100.0,18.58451,3.0,0.0,1.0
2025-10-06 10:00:00+00:00,12.252,0.1,0.0,80.27324,100.0,17.95765,51.0,0.0,1.0
2025-10-06 11:00:00+00:00,13.052,0.1,0.0,76.17401,100.0,19.098671,51.0,0.0,1.0
2025-10-06 12:00:00+00:00,13.852,0.1,0.0,72.30772,100.0,20.398058,51.0,3600.0,1.0
2025-10-06 13:00:00+00:00,13.502,0.1,0.0,74.472,100.0,18.016191,51.0,840.7945,1.0
2025-10-06 14:00:00+00:00,13.102,0.1,0.0,78.26162,100.0,14.634343,51.0,0.0,1.0
2025-10-06 15:00:00+00:00,12.402,0.6,0.0,84.44323,100.0,14.628807,53.0,0.0,1.0
2025-10-06 16:00:00+00:00,11.852,0.5,0.0,90.53053,100.0,13.479583,53.0,0.0,1.0
2025-10-06 17:00:00+00:00,11.502,0.3,0.0,93.26677,100.0,12.599998,51.0,0.0,0.0
2025-10-06 18:00:00+00:00,11.002,0.2,0.0,94.18129,100.0,13.755579,51.0,0.0,0.0
2025-10-06 19:00:00+00:00,10.852,0.2,0.0,94.490204,100.0,12.984975,51.0,0.0,0.0
2025-10-06 20:00:00+00:00,10.652,0.4,0.0,97.044174,100.0,11.599879,51.0,0.0,0.0
2025-10-06 21:00:00+00:00,10.702,0.5,0.0,97.045334,100.0,12.229406,53.0,0.0,0.0
2025-10-06 22:00:00+00:00,10.852,0.1,0.0,95.44261,100.0,13.246826,51.0,0.0,0.0
2025-10-06 23:00:00+00:00,10.852,0.0,0.0,95.44261,100.0,12.730467,3.0,0.0,0.0
2025-10-07 00:00:00+00:00,10.852,0.0,0.0,95.44261,100.0,11.966954,3.0,0.0,0.0
2025-10-07 01:00:00+00:00,10.952,0.0,0.0,94.81073,100.0,11.712454,3.0,0.0,0.0
2025-10-07 02:00:00+00:00,10.952,0.0,0.0,94.81073,100.0,10.957846,3.0,0.0,0.0
2025-10-07 03:00:00+00:00,11.002,0.0,0.0,94.812706,100.0,9.82114,3.0,0.0,0.0
2025-10-07 04:00:00+00:00,11.052,0.0,0.0,94.498634,100.0,9.449572,3.0,0.0,0.0
2025-10-07 05:00:00+00:00,11.102,0.0,0.0,93.87166,100.0,9.5535755,3.0,0.0,0.0
2025-10-07 06:00:00+00:00,11.302,0.0,0.0,93.881004,100.0,10.310402,3.0,0.0,1.0
2025-10-07 07:00:00+00:00,12.002,0.0,0.0,91.14626,100.0,9.931042,3.0,0.0,1.0
2025-10-07 08:00:00+00:00,12.702,0.0,0.0,88.80519,100.0,8.281956,3.0,0.0,1.0
2025-10-07 09:00:00+00:00,13.402,0.0,0.0,84.55501,100.0,9.648067,3.0,0.0,1.0
2025-10-07 10:00:00+00:00,14.052,0.0,0.0,81.59865,100.0,9.600937,3.0,0.0,1.0
2025-10-07 11:00:00+00:00,14.502,0.0,0.0,80.316055,100.0,8.133928,3.0,0.0,1.0
2025-10-07 12:00:00+00:00,14.852,0.0,0.0,79.04548,100.0,6.8423676,3.0,0.0,1.0
2025-10-07 13:00:00+00:00,15.402,0.0,0.0,77.06165,100.0,5.7515564,3.0,0.0,1.0
2025-10-07 14:00:00+00:00,15.552,0.0,0.0,76.57716,100.0,4.0249224,3.0,0.0,1.0
2025-10-07 15:00:00+00:00,15.602,0.0,0.0,76.33234,98.0,0.9693296,3.0,0.0,1.0
2025-10-07 16:00:00+00:00,15.302,0.0,0.0,80.4257,79.0,2.2553935,2.0,0.0,1.0
2025-10-07 17:00:00+00:00,13.452,0.0,0.0,87.41054,99.0,2.968636,3.0,0.0,0.0
2025-10-07 18:00:00+00:00,13.052,0.0,0.0,89.128746,100.0,6.3639607,3.0,0.0,0.0
2025-10-07 19:00:00+00:00,12.652,0.0,0.0,90.28715,99.0,6.698806,3.0,0.0,0.0
2025-10-07 20:00:00+00:00,12.002,0.0,0.0,91.75491,91.0,7.562142,3.0,0.0,0.0
2025-10-07 21:00:00+00:00,11.552,0.0,0.0,92.95903,100.0,8.32877,3.0,0.0,0.0
2025-10-07 22:00:00+00:00,11.102,0.0,0.0,93.87166,63.0,8.936778,2.0,0.0,0.0
2025-10-07 23:00:00+00:00,10.702,0.0,0.0,94.80075,46.0,8.967541,1.0,0.0,0.0
2025-10-08 00:00:00+00:00,10.702,0.0,0.0,94.16791,100.0,9.605998,3.0,0.0,0.0
2025-10-08 01:00:00+00:00,10.752,0.0,0.0,92.91609,100.0,8.197414,3.0,0.0,0.0
2025-10-08 02:00:00+00:00,10.452,0.0,0.0,93.526436,100.0,7.6473517,3.0,0.0,0.0
2025-10-08 03:00:00+00:00,10.052,0.0,0.0,94.456245,100.0,8.322932,3.0,0.0,0.0
2025-10-08 04:00:00+00:00,9.752,0.0,0.0,94.44343,100.0,7.748368,3.0,0.0,0.0
2025-10-08 05:00:00+00:00,9.452,0.0,0.0,94.11165,100.0,4.1046314,3.0,0.0,0.0
2025-10-08 06:00:00+00:00,9.152,0.0,0.0,95.05981,100.0,3.096837,3.0,0.0,1.0
2025-10-08 07:00:00+00:00,10.102,0.0,0.0,94.141,100.0,1.9469976,3.0,2261.5393,1.0
2025-10-08 08:00:00+00:00,11.152,0.0,0.0,92.31793,100.0,1.0182338,3.0,3600.0,1.0
2025-10-08 09:00:00+00:00,12.752,0.0,0.0,86.76641,98.0,2.50064,3.0,3600.0,1.0
2025-10-08 10:00:00+00:00,14.402,0.0,0.0,81.37411,78.0,2.9024127,2.0,3600.0,1.0
2025-10-08 11:00:00+00:00,15.852,0.0,0.0,77.38663,100.0,2.657668,3.0,3600.0,1.0
2025-10-08 12:00:00+00:00,16.202,0.0,0.0,71.778496,97.0,0.56920993,3.0,3600.0,1.0
2025-10-08 13:00:00+00:00,16.952,0.0,0.0,71.68038,91.0,2.1674871,3.0,3600.0,1.0
2025-10-08 14:00:00+00:00,17.502,0.0,0.0,69.688126,89.0,3.4763772,3.0,3600.0,1.0
2025-10-08 15:00:00+00:00,17.502,0.0,0.0,69.00219,82.0,3.4388947,3.0,3600.0,1.0
2025-10-08 16:00:00+00:00,16.502,0.0,0.0,81.64653,11.0,1.5484185,0.0,3600.0,1.0
2025-10-08 17:00:00+00:00,14.252,0.0,0.0,86.910324,48.0,4.5891175,1.0,488.5149,0.0
2025-10-08 18:00:00+00:00,13.902,0.0,0.0,89.19677,63.0,8.827344,2.0,0.0,0.0
2025-10-08 19:00:00+00:00,13.752,0.0,0.0,89.4789,99.0,6.0077944,3.0,0.0,0.0
2025-10-08 20:00:00+00:00,13.452,0.0,0.0,91.241844,100.0,3.0758414,3.0,0.0,0.0
2025-10-08 21:00:00+00:00,13.352,0.0,0.0,90.63597,100.0,1.609969,3.0,0.0,0.0
2025-10-08 22:00:00+00:00,13.302,0.0,0.0,90.931816,100.0,1.7076298,3.0,0.0,0.0
2025-10-08 23:00:00+00:00,13.202,0.0,0.0,90.62551,100.0,0.54,3.0,0.0,0.0
2025-10-09 00:00:00+00:00,13.102,0.0,0.0,95.520615,100.0,3.4388947,3.0,0.0,0.0
2025-10-09 01:00:00+00:00,13.152,0.1,0.0,97.41923,100.0,5.7628117,51.0,0.0,0.0
2025-10-09 02:00:00+00:00,12.902,0.2,0.0,97.734215,100.0,7.841888,51.0,0.0,0.0
2025-10-09 03:00:00+00:00,12.552,0.2,0.0,97.08736,100.0,9.5416975,51.0,0.0,0.0
2025-10-09 04:00:00+00:00,12.402,0.2,0.0,94.55512,98.0,8.790563,51.0,0.0,0.0
2025-10-09 05:00:00+00:00,11.952,0.0,0.0,95.480995,69.0,7.5170207,2.0,0.0,0.0
2025-10-09 06:00:00+00:00,11.652,0.0,0.0,96.42564,36.0,5.4656014,1.0,0.0,1.0
2025-10-09 07:00:00+00:00,11.852,0.0,0.0,95.794464,23.0,5.4477882,1.0,1534.6182,1.0
2025-10-09 08:00:00+00:00,12.452,0.0,0.0,92.69951,40.0,5.896202,1.0,3600.0,1.0
2025-10-09 09:00:00+00:00,13.802,0.0,0.0,84.88,65.0,5.950899,2.0,3600.0,1.0
2025-10-09 10:00:00+00:00,14.852,0.0,0.0,77.23142,97.0,6.725354,3.0,3600.0,1.0
2025-10-09 11:00:00+00:00,15.602,0.0,0.0,71.66691,99.0,7.0038276,3.0,3600.0,1.0
2025-10-09 12:00:00+00:00,16.252,0.0,0.0,70.60661,46.0,7.823272,1.0,3318.8384,1.0
2025-10-09 13:00:00+00:00,16.552,0.0,0.0,68.81259,100.0,6.489992,3.0,3595.9998,1.0
2025-10-09 14:00:00+00:00,16.652,0.0,0.0,68.83263,94.0,5.6835546,3.0,3600.0,1.0
2025-10-09 15:00:00+00:00,16.602,0.0,0.0,69.51166,60.0,5.6060677,2.0,3600.0,1.0
2025-10-09 16:00:00+00:00,15.852,0.0,0.0,76.37248,40.0,5.2478566,1.0,3600.0,1.0
2025-10-09 17:00:00+00:00,14.252,0.0,0.0,82.98736,17.0,6.4799995,0.0,286.77087,0.0
2025-10-09 18:00:00+00:00,13.452,0.0,0.0,87.99057,2.0,7.102591,0.0,0.0,0.0
2025-10-09 19:00:00+00:00,12.802,0.0,0.0,90.29799,9.0,4.4274144,0.0,0.0,0.0
2025-10-09 20:00:00+00:00,12.202,0.0,0.0,91.46298,0.0,2.2768397,0.0,0.0,0.0
2025-10-09 21:00:00+00:00,11.502,0.0,0.0,92.95636,7.0,1.9134263,0.0,0.0,0.0
2025-10-09 22:00:00+00:00,11.652,0.0,0.0,92.6552,5.0,8.083983,0.0,0.0,0.0
2025-10-09 23:00:00+00:00,10.902,0.0,0.0,91.07271,48.0,5.815978,1.0,0.0,0.0
2025-10-10 00:00:00+00:00,9.702,0.0,0.0,90.99148,5.0,2.1068459,0.0,0.0,0.0
2025-10-10 01:00:00+00:00,9.402,0.0,0.0,91.59116,13.0,0.35999998,0.0,0.0,0.0
2025-10-10 02:00:00+00:00,9.052,0.0,0.0,93.139595,20.0,0.5091169,1.0,0.0,0.0
2025-10-10 03:00:00+00:00,8.752,0.0,0.0,93.76017,43.0,0.9,1.0,0.0,0.0
2025-10-10 04:00:00+00:00,8.552,0.0,0.0,94.070656,7.0,1.0182338,0.0,0.0,0.0
2025-10-10 05:00:00+00:00,8.252,0.0,0.0,94.37869,13.0,1.8532133,0.0,0.0,0.0
2025-10-10 06:00:00+00:00,7.402,0.0,0.0,98.98019,63.0,3.143565,2.0,0.0,1.0
2025-10-10 07:00:00+00:00,8.752,0.0,0.0,97.65975,92.0,2.226477,3.0,2952.908,1.0
2025-10-10 08:00:00+00:00,11.102,0.0,0.0,88.97032,97.0,1.659518,3.0,3600.0,1.0
2025-10-10 09:00:00+00:00,12.852,0.0,0.0,80.626595,98.0,3.3092597,3.0,3600.0,1.0
2025-10-10 10:00:00+00:00,14.152,0.0,0.0,72.85136,74.0,4.293669,2.0,3600.0,1.0
2025-10-10 11:00:00+00:00,14.952,0.0,0.0,68.72057,100.0,3.7842832,3.0,3600.0,1.0
2025-10-10 12:00:00+00:00,14.002,0.0,0.0,71.8494,100.0,6.804381,3.0,1861.6514,1.0
2025-10-10 13:00:00+00:00,14.102,0.0,0.0,72.11054,100.0,7.596341,3.0,0.0,1.0
2025-10-10 14:00:00+00:00,13.952,0.0,0.0,72.81511,100.0,7.6388745,3.0,0.0,1.0
2025-10-10 15:00:00+00:00,14.052,0.0,0.0,72.344536,100.0,7.282774,3.0,811.74225,1.0
2025-10-10 16:00:00+00:00,13.652,0.0,0.0,76.785255,80.0,3.8939953,3.0,2435.6497,1.0
2025-10-10 17:00:00+00:00,12.302,0.0,0.0,83.8677,20.0,3.4247334,1.0,0.0,0.0
2025-10-10 18:00:00+00:00,12.202,0.0,0.0,85.847084,100.0,5.7176566,3.0,0.0,0.0
2025-10-10 19:00:00+00:00,12.052,0.0,0.0,87.28064,100.0,5.728979,3.0,0.0,0.0
2025-10-10 20:00:00+00:00,12.052,0.0,0.0,87.86627,100.0,6.21717,3.0,0.0,0.0
2025-10-10 21:00:00+00:00,12.002,0.0,0.0,88.451096,59.0,5.7628117,2.0,0.0,0.0
2025-10-10 22:00:00+00:00,11.452,0.0,0.0,90.19972,2.0,5.7628117,0.0,0.0,0.0
